Algorithm,Feature Set Name,Selected Features,Number of Features,R-squared,Adjusted R2,MAE,RMSE
Lasso,Lasso,[R&D Spend],1,0.9265108109341951,0.9173246623009694,6077.363300620399,7714.334890830185
RFE,RFE,[R&D Spend],1,0.9265108109341951,0.9173246623009694,6077.363300620399,7714.334890830185
Random Forest Importance,Random Forest Importance,[R&D Spend],1,0.9265108109341951,0.9173246623009694,6077.363300620399,7714.334890830185
SelectKBest,SelectKBest,[R&D Spend],1,0.9265108109341951,0.9173246623009694,6077.363300620399,7714.334890830185
Sequential Feature Selection,Sequential Feature Selection,[R&D Spend],1,0.9265108109341951,0.9173246623009694,6077.363300620399,7714.334890830185
