Experiment Order,Model,Features,Predictor Count,R2,Adjusted R2,MAE,RMSE
1,Model A: R&D Spend Only,R&D Spend,1,0.9265108109341951,0.9173246623009694,6077.363300620399,7714.334890830185
2,Model B: R&D Spend + Marketing Spend,"R&D Spend, Marketing Spend",2,0.9168381183550247,0.8930775807421746,6469.181721468586,8206.32881316585
3,Model C: R&D Spend + Marketing Spend + Administration,"R&D Spend, Marketing Spend, Administration",3,0.9000653083037321,0.8500979624555982,6979.152252370399,8995.905803361413
4,Model D: All Features Including State,"R&D Spend, Marketing Spend, Administration, State",5,0.8987266414328636,0.7721349432239432,6961.477813252384,9055.957323458471
5,Model E: State Only,State,2,-0.5917166005474785,-1.0464927721324724,24725.65942857143,35902.08192702272
